{"initial_reset_timestamp": 1612256857.5526047, "timestamps": [1612256876.4500957, 1612256894.0715833, 1612256911.9115367, 1612256929.3716373, 1612256946.7415776, 1612256964.2727575, 1612256981.9351573, 1612256999.4786983, 1612257017.2012327, 1612257034.3141267, 1612257051.5524397], "episode_lengths": [3328, 3328, 3328, 3328, 3328, 3328, 3328, 3328, 3328, 3328, 3328], "episode_rewards": [195.0, 195.0, 195.0, 195.0, 195.0, 195.0, 195.0, 195.0, 195.0, 195.0, 195.0], "episode_types": ["t", "t", "t", "t", "t", "t", "t", "t", "t", "t", "t"]}