{"initial_reset_timestamp": 1592590082.21762, "timestamps": [1592590084.541929, 1592590086.140408, 1592590088.0190003, 1592590089.6277544], "episode_lengths": [933, 824, 1028, 871], "episode_rewards": [-20.0, -21.0, -20.0, -20.0], "episode_types": ["t", "t", "t", "t", "t"]}