{"initial_reset_timestamp": 1592995414.198104, "timestamps": [1592995416.6710224, 1592995417.7103379, 1592995418.4206586, 1592995419.061349, 1592995419.4185917, 1592995421.3578496, 1592995422.2603, 1592995422.8812873, 1592995423.5351136, 1592995423.8925967, 1592995425.8792608, 1592995426.7841668, 1592995427.4130647, 1592995428.0532508, 1592995428.4057364, 1592995430.3495672, 1592995431.2468565, 1592995431.8649802, 1592995432.4997456, 1592995432.8463826, 1592995434.7786012, 1592995435.6528702, 1592995436.267447, 1592995436.9003716, 1592995437.247347, 1592995439.1514294, 1592995440.0274668, 1592995440.6425257, 1592995441.2699842, 1592995441.620627, 1592995443.5371451, 1592995444.4183934, 1592995445.031845, 1592995445.6657917, 1592995446.0147521, 1592995447.9707649, 1592995448.9100237, 1592995449.5890067, 1592995450.2589545, 1592995450.6442702, 1592995452.5974371, 1592995453.4838223, 1592995454.100288, 1592995454.7315257, 1592995455.0809238], "episode_lengths": [375, 163, 109, 112, 54, 375, 163, 109, 112, 54, 375, 163, 109, 112, 54, 375, 163, 109, 112, 54, 375, 163, 109, 112, 54, 375, 163, 109, 112, 54, 375, 163, 109, 112, 54, 375, 163, 109, 112, 54, 375, 163, 109, 112, 54], "episode_rewards": [10.0, 4.0, 2.0, 2.0, 1.0, 10.0, 4.0, 2.0, 2.0, 1.0, 10.0, 4.0, 2.0, 2.0, 1.0, 10.0, 4.0, 2.0, 2.0, 1.0, 10.0, 4.0, 2.0, 2.0, 1.0, 10.0, 4.0, 2.0, 2.0, 1.0, 10.0, 4.0, 2.0, 2.0, 1.0, 10.0, 4.0, 2.0, 2.0, 1.0, 10.0, 4.0, 2.0, 2.0, 1.0], "episode_types": ["t", "t", "t", "t", "t", "t", "t", "t", "t", "t", "t", "t", "t", "t", "t", "t", "t", "t", "t", "t", "t", "t", "t", "t", "t", "t", "t", "t", "t", "t", "t", "t", "t", "t", "t", "t", "t", "t", "t", "t", "t", "t", "t", "t", "t", "t"]}