{"initial_reset_timestamp": 1612908588.7717865, "timestamps": [1612908596.1763892], "episode_lengths": [908], "episode_rewards": [-21.0], "episode_types": ["t"]}