{"initial_reset_timestamp": 1593213322.420977, "timestamps": [1593213324.8309827, 1593213325.8314323, 1593213326.283506, 1593213327.4705076, 1593213328.4006994, 1593213330.296008, 1593213331.1789763, 1593213331.632798, 1593213332.8383636, 1593213333.779823, 1593213335.7419956], "episode_lengths": [369, 158, 70, 220, 168, 369, 158, 70, 220, 168, 369], "episode_rewards": [10.0, 3.0, 1.0, 6.0, 4.0, 10.0, 3.0, 1.0, 6.0, 4.0, 10.0], "episode_types": ["t", "t", "t", "t", "t", "t", "t", "t", "t", "t", "t"]}