{"initial_reset_timestamp": 1592922351.6052282, "timestamps": [1592922356.4521532, 1592922360.6689591, 1592922364.7417347, 1592922369.392116, 1592922374.0885122, 1592922378.1960917, 1592922382.2969701], "episode_lengths": [795, 795, 795, 795, 795, 795, 795], "episode_rewards": [22.0, 22.0, 22.0, 22.0, 22.0, 22.0, 22.0], "episode_types": ["t", "t", "t", "t", "t", "t", "t", "t"]}