{"initial_reset_timestamp": 1612197024.4385312, "timestamps": [1612197034.6262894, 1612197044.1409194, 1612197053.6338243, 1612197063.5941012, 1612197073.2398686, 1612197083.1062946, 1612197092.9568565, 1612197103.0172715, 1612197112.79544, 1612197122.498507, 1612197132.1136043], "episode_lengths": [1977, 1977, 1977, 1977, 1977, 1977, 1977, 1977, 1977, 1977, 1977], "episode_rewards": [21.0, 21.0, 21.0, 21.0, 21.0, 21.0, 21.0, 21.0, 21.0, 21.0, 21.0], "episode_types": ["t", "t", "t", "t", "t", "t", "t", "t", "t", "t", "t"]}