{"initial_reset_timestamp": 1593696414.8886547, "timestamps": [1593696418.6794136, 1593696421.7121909, 1593696424.5426419, 1593696427.35038, 1593696430.1620853, 1593696433.0053887, 1593696435.8592217, 1593696438.7232177, 1593696441.5605748, 1593696444.371131, 1593696447.172526], "episode_lengths": [545, 545, 545, 545, 545, 545, 545, 545, 545, 545, 545], "episode_rewards": [8.0, 8.0, 8.0, 8.0, 8.0, 8.0, 8.0, 8.0, 8.0, 8.0, 8.0], "episode_types": ["t", "t", "t", "t", "t", "t", "t", "t", "t", "t", "t"]}